v0,tau,A_ped,B_ped,lam_base,phi_fov,kappa,k_group,r_group,theta_gaze,w_att,fov_att
1.4157402665986087,0.7160821652823167,7.456493111992314,0.586250849112031,0.3633080590131491,1.4218491031188127,0.012289759581176948,2.1095244245054197,0.3048810463555634,-0.28611012202743175,1.0070043367670511,1.3094621900148817
