v0,tau,A_ped,B_ped,lam_base,phi_fov,kappa,k_group,r_group,theta_gaze,w_att,fov_att
1.977250222469392,1.0244574337932322,9.716360909270426,1.2108488406684006,0.9321522577514759,1.4826032162445215,0.25419852215587885,3.48328331133655,1.4121319984559748,-0.9963562910292656,0.7527552552443725,0.7099364640140315
