v0,tau,A_ped,B_ped,lam_base,phi_fov,kappa,k_group,r_group,theta_gaze,w_att,fov_att
1.9150237780848967,0.5351930135306006,6.813620291124807,0.38878985651853226,0.4121709100515745,1.2397162638439425,0.18791437867452598,3.991842874373401,0.9313019089468529,0.03680323196976091,1.1933810820733646,1.2617967691419674
