v0,tau,A_ped,B_ped,lam_base,phi_fov,kappa,k_group,r_group,theta_gaze,w_att,fov_att
1.8614265620436983,0.6815026876239224,5.012897968912387,0.3826137500772964,0.9433475122287408,1.5208359899567405,0.2278689128244441,1.5263106425965278,1.153966922070952,-0.750333588165188,1.1875795186593279,0.2061926245616451
