v0,tau,A_ped,B_ped,lam_base,phi_fov,kappa,k_group,r_group,theta_gaze,w_att,fov_att
1.7331750094934926,0.5839860251880533,0.7376241058351498,0.3373648532764326,0.483653514344382,0.5345151772921672,0.21384920012259445,1.9758446355441848,0.5690852326332778,-0.1624832623011084,1.967131075238624,0.6267896121492353
