v0,tau,A_ped,B_ped,lam_base,phi_fov,kappa,k_group,r_group,theta_gaze,w_att,fov_att
1.6574382407977792,0.7453700061916951,8.009670235613964,0.6553578878798918,0.009225360202649666,1.0097492369957686,0.0007223125991787075,3.273489573618193,0.329998139650912,0.5576621467321715,0.905339935674833,0.6199322574141017
