v0,tau,A_ped,B_ped,lam_base,phi_fov,kappa,k_group,r_group,theta_gaze,w_att,fov_att
1.9520778320715817,0.8325712990559453,4.332045688539241,0.5164327949615398,0.9266642364618405,2.552344333504673,-0.27701129903266614,3.0290493219560055,0.9230600820101189,-0.04484671394324015,1.2139595337672058,1.110716195507313
