v0,tau,A_ped,B_ped,lam_base,phi_fov,kappa,k_group,r_group,theta_gaze,w_att,fov_att
1.912615811844123,0.5823663470306931,3.7988346334487595,1.103212948843355,0.896434299518533,1.014760586490958,-0.0033139275947879393,2.284834790880243,0.3455021543958217,0.7912725198673054,1.529748209341182,0.20546941595604729
