v0,tau,A_ped,B_ped,lam_base,phi_fov,kappa,k_group,r_group,theta_gaze,w_att,fov_att
1.4373079012333239,0.5204338938362246,9.619461020946796,1.4795469654425923,0.7140097345234804,0.8710465166662903,0.08388563032893284,3.6516382579713365,0.5945783002333814,0.3311573720705167,1.7961157047860656,0.981281055718817
