v0,tau,A_ped,B_ped,lam_base,phi_fov,kappa,k_group,r_group,theta_gaze,w_att,fov_att
1.6359914301022336,0.8780479760789294,6.930809640212074,0.5461275808901876,0.35934472578074084,2.435286478228171,-0.006358644810399285,3.082859455867366,0.7808859296457259,0.7953845792256713,0.32114550238598194,0.9534790993037103
