v0,tau,A_ped,B_ped,lam_base,phi_fov,kappa,k_group,r_group,theta_gaze,w_att,fov_att
1.9371447794164547,0.7290069172281087,7.496960585539829,0.3314293680626116,0.2420050983130701,0.818901829177254,-0.049191193372562766,0.056460850962693016,0.3820417402745817,-0.18847788723746042,0.6656624039478949,0.8894646646765433
