v0,tau,A_ped,B_ped,lam_base,phi_fov,kappa,k_group,r_group,theta_gaze,w_att,fov_att
1.9100871391499212,0.7041292435559054,1.1921430375868116,0.2911799005509309,0.48052141963367523,2.4593334828789906,0.03333917295116079,1.3336224633568667,0.5786197385708887,0.0120675973875408,0.8341976092950336,1.0122111518864452
