v0,tau,A_ped,B_ped,lam_base,phi_fov,kappa,k_group,r_group,theta_gaze,w_att,fov_att
1.5263509710533387,0.370013404980498,9.516187718080518,0.9742727576856042,0.49648956341079425,1.1504676736199997,0.1704835011881784,2.7052265919447707,1.8098563942823938,0.6288596725340485,0.7624486350878729,0.8557662259900461
