v0,tau,A_ped,B_ped,lam_base,phi_fov,kappa,k_group,r_group,theta_gaze,w_att,fov_att
1.9344840584426952,0.7166237430104722,3.2967854716439584,0.8597583882501579,0.06944778529697984,1.4625943825261096,0.09481747096179743,1.9593463657558163,1.7146431045503374,0.46725166028539133,1.4208089257595096,0.6271900476120416
