v0,tau,A_ped,B_ped,lam_base,phi_fov,kappa,k_group,r_group,theta_gaze,w_att,fov_att
1.3798579992608238,0.7918612010253431,8.552042184227423,0.19959622327552695,0.2406466895741287,1.2247266038065074,-0.11259102868748228,0.9640925692133249,0.16473446461582208,-0.860914015055694,1.066833623488805,0.5025107230338914
