v0,tau,A_ped,B_ped,lam_base,phi_fov,kappa,k_group,r_group,theta_gaze,w_att,fov_att
1.810751968879072,0.640933220529571,3.070708792207864,0.9695989436233603,0.6476491671586136,1.050230801543607,-0.08778584591020189,3.7299316589883604,1.3702139385722634,-0.40165891130330444,1.6610190181515188,0.5586314624391954
