v0,tau,A_ped,B_ped,lam_base,phi_fov,kappa,k_group,r_group,theta_gaze,w_att,fov_att
1.4691096444462721,0.5381116105386201,3.531999295175316,0.3387425451512855,0.6764803708049706,1.5444319621185942,-0.0884389695665302,4.488229026729581,1.6014636913526927,-0.27725248302468264,0.0551951846014902,0.2855282122634366
