v0,tau,A_ped,B_ped,lam_base,phi_fov,kappa,k_group,r_group,theta_gaze,w_att,fov_att
1.5795265889369996,0.5153051006710612,8.952159837462432,1.3158428273571932,0.42547145111437246,0.5775884369607814,0.08259154405552847,0.440305614620922,0.42387358705173234,0.14020846279535826,0.2927588623871151,1.2766645799794467
