v0,tau,A_ped,B_ped,lam_base,phi_fov,kappa,k_group,r_group,theta_gaze,w_att,fov_att
1.6076081229111732,0.3451234609180865,6.30207162060071,0.333157626489128,0.14786603567891998,0.5020161630912738,-0.18807753146204875,2.3566862418009773,1.618437136630007,-1.4924281600536595,0.40993574182340553,1.0958802571039408
